category,pokemon_name,count,description
SUMMARY,total_stats_pokemon,801.0,Total Pokemon in stats file
SUMMARY,total_image_pokemon,864.0,Total unique Pokemon with images
SUMMARY,overlapping_pokemon,776.0,Pokemon with both stats and images
SUMMARY,coverage_percentage,96.9,Percentage of stats Pokemon that have images
OVERLAPPING,abomasnow,1.0,Has both stats and images
OVERLAPPING,abra,1.0,Has both stats and images
OVERLAPPING,absol,1.0,Has both stats and images
OVERLAPPING,accelgor,1.0,Has both stats and images
OVERLAPPING,aegislash,1.0,Has both stats and images
OVERLAPPING,aerodactyl,1.0,Has both stats and images
OVERLAPPING,aggron,1.0,Has both stats and images
OVERLAPPING,aipom,1.0,Has both stats and images
OVERLAPPING,alakazam,1.0,Has both stats and images
OVERLAPPING,alomomola,1.0,Has both stats and images
OVERLAPPING,altaria,1.0,Has both stats and images
OVERLAPPING,amaura,1.0,Has both stats and images
OVERLAPPING,ambipom,1.0,Has both stats and images
OVERLAPPING,amoonguss,1.0,Has both stats and images
OVERLAPPING,ampharos,1.0,Has both stats and images
OVERLAPPING,anorith,1.0,Has both stats and images
OVERLAPPING,araquanid,1.0,Has both stats and images
OVERLAPPING,arbok,1.0,Has both stats and images
OVERLAPPING,arcanine,1.0,Has both stats and images
OVERLAPPING,arceus,1.0,Has both stats and images
OVERLAPPING,archen,1.0,Has both stats and images
OVERLAPPING,archeops,1.0,Has both stats and images
OVERLAPPING,ariados,1.0,Has both stats and images
OVERLAPPING,armaldo,1.0,Has both stats and images
OVERLAPPING,aromatisse,1.0,Has both stats and images
OVERLAPPING,aron,1.0,Has both stats and images
OVERLAPPING,articuno,1.0,Has both stats and images
OVERLAPPING,audino,1.0,Has both stats and images
OVERLAPPING,aurorus,1.0,Has both stats and images
OVERLAPPING,avalugg,1.0,Has both stats and images
OVERLAPPING,axew,1.0,Has both stats and images
OVERLAPPING,azelf,1.0,Has both stats and images
OVERLAPPING,azumarill,1.0,Has both stats and images
OVERLAPPING,azurill,1.0,Has both stats and images
OVERLAPPING,bagon,1.0,Has both stats and images
OVERLAPPING,baltoy,1.0,Has both stats and images
OVERLAPPING,banette,1.0,Has both stats and images
OVERLAPPING,barbaracle,1.0,Has both stats and images
OVERLAPPING,barboach,1.0,Has both stats and images
OVERLAPPING,basculin,1.0,Has both stats and images
OVERLAPPING,bastiodon,1.0,Has both stats and images
OVERLAPPING,bayleef,1.0,Has both stats and images
OVERLAPPING,beartic,1.0,Has both stats and images
OVERLAPPING,beautifly,1.0,Has both stats and images
OVERLAPPING,beedrill,1.0,Has both stats and images
OVERLAPPING,beheeyem,1.0,Has both stats and images
OVERLAPPING,beldum,1.0,Has both stats and images
OVERLAPPING,bellossom,1.0,Has both stats and images
OVERLAPPING,bellsprout,1.0,Has both stats and images
OVERLAPPING,bergmite,1.0,Has both stats and images
OVERLAPPING,bewear,1.0,Has both stats and images
OVERLAPPING,bibarel,1.0,Has both stats and images
OVERLAPPING,bidoof,1.0,Has both stats and images
OVERLAPPING,binacle,1.0,Has both stats and images
OVERLAPPING,bisharp,1.0,Has both stats and images
OVERLAPPING,blastoise,1.0,Has both stats and images
OVERLAPPING,blaziken,1.0,Has both stats and images
OVERLAPPING,blissey,1.0,Has both stats and images
OVERLAPPING,blitzle,1.0,Has both stats and images
OVERLAPPING,boldore,1.0,Has both stats and images
OVERLAPPING,bonsly,1.0,Has both stats and images
OVERLAPPING,bouffalant,1.0,Has both stats and images
OVERLAPPING,bounsweet,1.0,Has both stats and images
OVERLAPPING,braixen,1.0,Has both stats and images
OVERLAPPING,braviary,1.0,Has both stats and images
OVERLAPPING,breloom,1.0,Has both stats and images
OVERLAPPING,brionne,1.0,Has both stats and images
OVERLAPPING,bronzong,1.0,Has both stats and images
OVERLAPPING,bronzor,1.0,Has both stats and images
OVERLAPPING,bruxish,1.0,Has both stats and images
OVERLAPPING,budew,1.0,Has both stats and images
OVERLAPPING,buizel,1.0,Has both stats and images
OVERLAPPING,bulbasaur,1.0,Has both stats and images
OVERLAPPING,buneary,1.0,Has both stats and images
OVERLAPPING,bunnelby,1.0,Has both stats and images
OVERLAPPING,burmy,1.0,Has both stats and images
OVERLAPPING,butterfree,1.0,Has both stats and images
OVERLAPPING,cacnea,1.0,Has both stats and images
OVERLAPPING,cacturne,1.0,Has both stats and images
OVERLAPPING,camerupt,1.0,Has both stats and images
OVERLAPPING,carbink,1.0,Has both stats and images
OVERLAPPING,carnivine,1.0,Has both stats and images
OVERLAPPING,carracosta,1.0,Has both stats and images
OVERLAPPING,carvanha,1.0,Has both stats and images
OVERLAPPING,cascoon,1.0,Has both stats and images
OVERLAPPING,castform,1.0,Has both stats and images
OVERLAPPING,caterpie,1.0,Has both stats and images
OVERLAPPING,celebi,1.0,Has both stats and images
OVERLAPPING,chandelure,1.0,Has both stats and images
OVERLAPPING,chansey,1.0,Has both stats and images
OVERLAPPING,charizard,1.0,Has both stats and images
OVERLAPPING,charjabug,1.0,Has both stats and images
OVERLAPPING,charmander,1.0,Has both stats and images
OVERLAPPING,charmeleon,1.0,Has both stats and images
OVERLAPPING,chatot,1.0,Has both stats and images
OVERLAPPING,cherrim,1.0,Has both stats and images
OVERLAPPING,cherubi,1.0,Has both stats and images
OVERLAPPING,chesnaught,1.0,Has both stats and images
OVERLAPPING,chespin,1.0,Has both stats and images
OVERLAPPING,chikorita,1.0,Has both stats and images
OVERLAPPING,chimchar,1.0,Has both stats and images
OVERLAPPING,chimecho,1.0,Has both stats and images
OVERLAPPING,chinchou,1.0,Has both stats and images
OVERLAPPING,chingling,1.0,Has both stats and images
OVERLAPPING,cinccino,1.0,Has both stats and images
OVERLAPPING,clamperl,1.0,Has both stats and images
OVERLAPPING,clauncher,1.0,Has both stats and images
OVERLAPPING,clawitzer,1.0,Has both stats and images
OVERLAPPING,claydol,1.0,Has both stats and images
OVERLAPPING,clefable,1.0,Has both stats and images
OVERLAPPING,clefairy,1.0,Has both stats and images
OVERLAPPING,cleffa,1.0,Has both stats and images
OVERLAPPING,cloyster,1.0,Has both stats and images
OVERLAPPING,cobalion,1.0,Has both stats and images
OVERLAPPING,cofagrigus,1.0,Has both stats and images
OVERLAPPING,combee,1.0,Has both stats and images
OVERLAPPING,combusken,1.0,Has both stats and images
OVERLAPPING,comfey,1.0,Has both stats and images
OVERLAPPING,conkeldurr,1.0,Has both stats and images
OVERLAPPING,corphish,1.0,Has both stats and images
OVERLAPPING,corsola,1.0,Has both stats and images
OVERLAPPING,cosmoem,1.0,Has both stats and images
OVERLAPPING,cosmog,1.0,Has both stats and images
OVERLAPPING,cottonee,1.0,Has both stats and images
OVERLAPPING,crabominable,1.0,Has both stats and images
OVERLAPPING,crabrawler,1.0,Has both stats and images
OVERLAPPING,cradily,1.0,Has both stats and images
OVERLAPPING,cranidos,1.0,Has both stats and images
OVERLAPPING,crawdaunt,1.0,Has both stats and images
OVERLAPPING,cresselia,1.0,Has both stats and images
OVERLAPPING,croagunk,1.0,Has both stats and images
OVERLAPPING,crobat,1.0,Has both stats and images
OVERLAPPING,croconaw,1.0,Has both stats and images
OVERLAPPING,crustle,1.0,Has both stats and images
OVERLAPPING,cryogonal,1.0,Has both stats and images
OVERLAPPING,cubchoo,1.0,Has both stats and images
OVERLAPPING,cubone,1.0,Has both stats and images
OVERLAPPING,cutiefly,1.0,Has both stats and images
OVERLAPPING,cyndaquil,1.0,Has both stats and images
OVERLAPPING,darkrai,1.0,Has both stats and images
OVERLAPPING,darmanitan,1.0,Has both stats and images
OVERLAPPING,dartrix,1.0,Has both stats and images
OVERLAPPING,darumaka,1.0,Has both stats and images
OVERLAPPING,decidueye,1.0,Has both stats and images
OVERLAPPING,dedenne,1.0,Has both stats and images
OVERLAPPING,deerling,1.0,Has both stats and images
OVERLAPPING,deino,1.0,Has both stats and images
OVERLAPPING,delcatty,1.0,Has both stats and images
OVERLAPPING,delibird,1.0,Has both stats and images
OVERLAPPING,delphox,1.0,Has both stats and images
OVERLAPPING,deoxys,1.0,Has both stats and images
OVERLAPPING,dewgong,1.0,Has both stats and images
OVERLAPPING,dewott,1.0,Has both stats and images
OVERLAPPING,dewpider,1.0,Has both stats and images
OVERLAPPING,dhelmise,1.0,Has both stats and images
OVERLAPPING,dialga,1.0,Has both stats and images
OVERLAPPING,diancie,1.0,Has both stats and images
OVERLAPPING,diggersby,1.0,Has both stats and images
OVERLAPPING,diglett,1.0,Has both stats and images
OVERLAPPING,ditto,1.0,Has both stats and images
OVERLAPPING,dodrio,1.0,Has both stats and images
OVERLAPPING,doduo,1.0,Has both stats and images
OVERLAPPING,donphan,1.0,Has both stats and images
OVERLAPPING,doublade,1.0,Has both stats and images
OVERLAPPING,dragalge,1.0,Has both stats and images
OVERLAPPING,dragonair,1.0,Has both stats and images
OVERLAPPING,dragonite,1.0,Has both stats and images
OVERLAPPING,drampa,1.0,Has both stats and images
OVERLAPPING,drapion,1.0,Has both stats and images
OVERLAPPING,dratini,1.0,Has both stats and images
OVERLAPPING,drifblim,1.0,Has both stats and images
OVERLAPPING,drifloon,1.0,Has both stats and images
OVERLAPPING,drilbur,1.0,Has both stats and images
OVERLAPPING,drowzee,1.0,Has both stats and images
OVERLAPPING,druddigon,1.0,Has both stats and images
OVERLAPPING,ducklett,1.0,Has both stats and images
OVERLAPPING,dugtrio,1.0,Has both stats and images
OVERLAPPING,dunsparce,1.0,Has both stats and images
OVERLAPPING,duosion,1.0,Has both stats and images
OVERLAPPING,durant,1.0,Has both stats and images
OVERLAPPING,dusclops,1.0,Has both stats and images
OVERLAPPING,dusknoir,1.0,Has both stats and images
OVERLAPPING,duskull,1.0,Has both stats and images
OVERLAPPING,dustox,1.0,Has both stats and images
OVERLAPPING,dwebble,1.0,Has both stats and images
OVERLAPPING,eelektrik,1.0,Has both stats and images
OVERLAPPING,eelektross,1.0,Has both stats and images
OVERLAPPING,eevee,1.0,Has both stats and images
OVERLAPPING,ekans,1.0,Has both stats and images
OVERLAPPING,electabuzz,1.0,Has both stats and images
OVERLAPPING,electivire,1.0,Has both stats and images
OVERLAPPING,electrike,1.0,Has both stats and images
OVERLAPPING,electrode,1.0,Has both stats and images
OVERLAPPING,elekid,1.0,Has both stats and images
OVERLAPPING,elgyem,1.0,Has both stats and images
OVERLAPPING,emboar,1.0,Has both stats and images
OVERLAPPING,emolga,1.0,Has both stats and images
OVERLAPPING,empoleon,1.0,Has both stats and images
OVERLAPPING,entei,1.0,Has both stats and images
OVERLAPPING,escavalier,1.0,Has both stats and images
OVERLAPPING,espeon,1.0,Has both stats and images
OVERLAPPING,espurr,1.0,Has both stats and images
OVERLAPPING,excadrill,1.0,Has both stats and images
OVERLAPPING,exeggcute,1.0,Has both stats and images
OVERLAPPING,exeggutor,1.0,Has both stats and images
OVERLAPPING,exploud,1.0,Has both stats and images
OVERLAPPING,fearow,1.0,Has both stats and images
OVERLAPPING,feebas,1.0,Has both stats and images
OVERLAPPING,fennekin,1.0,Has both stats and images
OVERLAPPING,feraligatr,1.0,Has both stats and images
OVERLAPPING,ferroseed,1.0,Has both stats and images
OVERLAPPING,ferrothorn,1.0,Has both stats and images
OVERLAPPING,finneon,1.0,Has both stats and images
OVERLAPPING,flaaffy,1.0,Has both stats and images
OVERLAPPING,flareon,1.0,Has both stats and images
OVERLAPPING,fletchinder,1.0,Has both stats and images
OVERLAPPING,fletchling,1.0,Has both stats and images
OVERLAPPING,floatzel,1.0,Has both stats and images
OVERLAPPING,floette,1.0,Has both stats and images
OVERLAPPING,florges,1.0,Has both stats and images
OVERLAPPING,flygon,1.0,Has both stats and images
OVERLAPPING,fomantis,1.0,Has both stats and images
OVERLAPPING,foongus,1.0,Has both stats and images
OVERLAPPING,forretress,1.0,Has both stats and images
OVERLAPPING,fraxure,1.0,Has both stats and images
OVERLAPPING,frillish,1.0,Has both stats and images
OVERLAPPING,froakie,1.0,Has both stats and images
OVERLAPPING,frogadier,1.0,Has both stats and images
OVERLAPPING,froslass,1.0,Has both stats and images
OVERLAPPING,furfrou,1.0,Has both stats and images
OVERLAPPING,furret,1.0,Has both stats and images
OVERLAPPING,gabite,1.0,Has both stats and images
OVERLAPPING,gallade,1.0,Has both stats and images
OVERLAPPING,galvantula,1.0,Has both stats and images
OVERLAPPING,garbodor,1.0,Has both stats and images
OVERLAPPING,garchomp,1.0,Has both stats and images
OVERLAPPING,gardevoir,1.0,Has both stats and images
OVERLAPPING,gastly,1.0,Has both stats and images
OVERLAPPING,gastrodon,1.0,Has both stats and images
OVERLAPPING,genesect,1.0,Has both stats and images
OVERLAPPING,gengar,1.0,Has both stats and images
OVERLAPPING,geodude,1.0,Has both stats and images
OVERLAPPING,gible,1.0,Has both stats and images
OVERLAPPING,gigalith,1.0,Has both stats and images
OVERLAPPING,girafarig,1.0,Has both stats and images
OVERLAPPING,giratina,1.0,Has both stats and images
OVERLAPPING,glaceon,1.0,Has both stats and images
OVERLAPPING,glalie,1.0,Has both stats and images
OVERLAPPING,glameow,1.0,Has both stats and images
OVERLAPPING,gligar,1.0,Has both stats and images
OVERLAPPING,gliscor,1.0,Has both stats and images
OVERLAPPING,gloom,1.0,Has both stats and images
OVERLAPPING,gogoat,1.0,Has both stats and images
OVERLAPPING,golbat,1.0,Has both stats and images
OVERLAPPING,goldeen,1.0,Has both stats and images
OVERLAPPING,golduck,1.0,Has both stats and images
OVERLAPPING,golem,1.0,Has both stats and images
OVERLAPPING,golett,1.0,Has both stats and images
OVERLAPPING,golisopod,1.0,Has both stats and images
OVERLAPPING,golurk,1.0,Has both stats and images
OVERLAPPING,goodra,1.0,Has both stats and images
OVERLAPPING,goomy,1.0,Has both stats and images
OVERLAPPING,gorebyss,1.0,Has both stats and images
OVERLAPPING,gothita,1.0,Has both stats and images
OVERLAPPING,gothitelle,1.0,Has both stats and images
OVERLAPPING,gothorita,1.0,Has both stats and images
OVERLAPPING,gourgeist,1.0,Has both stats and images
OVERLAPPING,granbull,1.0,Has both stats and images
OVERLAPPING,graveler,1.0,Has both stats and images
OVERLAPPING,greninja,1.0,Has both stats and images
OVERLAPPING,grimer,1.0,Has both stats and images
OVERLAPPING,grotle,1.0,Has both stats and images
OVERLAPPING,groudon,1.0,Has both stats and images
OVERLAPPING,grovyle,1.0,Has both stats and images
OVERLAPPING,growlithe,1.0,Has both stats and images
OVERLAPPING,grubbin,1.0,Has both stats and images
OVERLAPPING,grumpig,1.0,Has both stats and images
OVERLAPPING,gulpin,1.0,Has both stats and images
OVERLAPPING,gumshoos,1.0,Has both stats and images
OVERLAPPING,gurdurr,1.0,Has both stats and images
OVERLAPPING,gyarados,1.0,Has both stats and images
OVERLAPPING,happiny,1.0,Has both stats and images
OVERLAPPING,hariyama,1.0,Has both stats and images
OVERLAPPING,haunter,1.0,Has both stats and images
OVERLAPPING,hawlucha,1.0,Has both stats and images
OVERLAPPING,haxorus,1.0,Has both stats and images
OVERLAPPING,heatmor,1.0,Has both stats and images
OVERLAPPING,heatran,1.0,Has both stats and images
OVERLAPPING,heliolisk,1.0,Has both stats and images
OVERLAPPING,helioptile,1.0,Has both stats and images
OVERLAPPING,heracross,1.0,Has both stats and images
OVERLAPPING,herdier,1.0,Has both stats and images
OVERLAPPING,hippopotas,1.0,Has both stats and images
OVERLAPPING,hippowdon,1.0,Has both stats and images
OVERLAPPING,hitmonchan,1.0,Has both stats and images
OVERLAPPING,hitmonlee,1.0,Has both stats and images
OVERLAPPING,hitmontop,1.0,Has both stats and images
OVERLAPPING,honchkrow,1.0,Has both stats and images
OVERLAPPING,honedge,1.0,Has both stats and images
OVERLAPPING,hoopa,1.0,Has both stats and images
OVERLAPPING,hoothoot,1.0,Has both stats and images
OVERLAPPING,hoppip,1.0,Has both stats and images
OVERLAPPING,horsea,1.0,Has both stats and images
OVERLAPPING,houndoom,1.0,Has both stats and images
OVERLAPPING,houndour,1.0,Has both stats and images
OVERLAPPING,huntail,1.0,Has both stats and images
OVERLAPPING,hydreigon,1.0,Has both stats and images
OVERLAPPING,hypno,1.0,Has both stats and images
OVERLAPPING,igglybuff,1.0,Has both stats and images
OVERLAPPING,illumise,1.0,Has both stats and images
OVERLAPPING,incineroar,1.0,Has both stats and images
OVERLAPPING,infernape,1.0,Has both stats and images
OVERLAPPING,inkay,1.0,Has both stats and images
OVERLAPPING,ivysaur,1.0,Has both stats and images
OVERLAPPING,jellicent,1.0,Has both stats and images
OVERLAPPING,jigglypuff,1.0,Has both stats and images
OVERLAPPING,jirachi,1.0,Has both stats and images
OVERLAPPING,jolteon,1.0,Has both stats and images
OVERLAPPING,joltik,1.0,Has both stats and images
OVERLAPPING,jumpluff,1.0,Has both stats and images
OVERLAPPING,jynx,1.0,Has both stats and images
OVERLAPPING,kabuto,1.0,Has both stats and images
OVERLAPPING,kabutops,1.0,Has both stats and images
OVERLAPPING,kadabra,1.0,Has both stats and images
OVERLAPPING,kakuna,1.0,Has both stats and images
OVERLAPPING,kangaskhan,1.0,Has both stats and images
OVERLAPPING,karrablast,1.0,Has both stats and images
OVERLAPPING,kecleon,1.0,Has both stats and images
OVERLAPPING,keldeo,1.0,Has both stats and images
OVERLAPPING,kingdra,1.0,Has both stats and images
OVERLAPPING,kingler,1.0,Has both stats and images
OVERLAPPING,kirlia,1.0,Has both stats and images
OVERLAPPING,klang,1.0,Has both stats and images
OVERLAPPING,klefki,1.0,Has both stats and images
OVERLAPPING,klink,1.0,Has both stats and images
OVERLAPPING,klinklang,1.0,Has both stats and images
OVERLAPPING,koffing,1.0,Has both stats and images
OVERLAPPING,komala,1.0,Has both stats and images
OVERLAPPING,krabby,1.0,Has both stats and images
OVERLAPPING,kricketot,1.0,Has both stats and images
OVERLAPPING,kricketune,1.0,Has both stats and images
OVERLAPPING,krokorok,1.0,Has both stats and images
OVERLAPPING,krookodile,1.0,Has both stats and images
OVERLAPPING,kyogre,1.0,Has both stats and images
OVERLAPPING,kyurem,1.0,Has both stats and images
OVERLAPPING,lairon,1.0,Has both stats and images
OVERLAPPING,lampent,1.0,Has both stats and images
OVERLAPPING,landorus,1.0,Has both stats and images
OVERLAPPING,lanturn,1.0,Has both stats and images
OVERLAPPING,lapras,1.0,Has both stats and images
OVERLAPPING,larvesta,1.0,Has both stats and images
OVERLAPPING,larvitar,1.0,Has both stats and images
OVERLAPPING,latias,1.0,Has both stats and images
OVERLAPPING,latios,1.0,Has both stats and images
OVERLAPPING,leafeon,1.0,Has both stats and images
OVERLAPPING,leavanny,1.0,Has both stats and images
OVERLAPPING,ledian,1.0,Has both stats and images
OVERLAPPING,ledyba,1.0,Has both stats and images
OVERLAPPING,lickilicky,1.0,Has both stats and images
OVERLAPPING,lickitung,1.0,Has both stats and images
OVERLAPPING,liepard,1.0,Has both stats and images
OVERLAPPING,lileep,1.0,Has both stats and images
OVERLAPPING,lilligant,1.0,Has both stats and images
OVERLAPPING,lillipup,1.0,Has both stats and images
OVERLAPPING,linoone,1.0,Has both stats and images
OVERLAPPING,litleo,1.0,Has both stats and images
OVERLAPPING,litten,1.0,Has both stats and images
OVERLAPPING,litwick,1.0,Has both stats and images
OVERLAPPING,lombre,1.0,Has both stats and images
OVERLAPPING,lopunny,1.0,Has both stats and images
OVERLAPPING,lotad,1.0,Has both stats and images
OVERLAPPING,loudred,1.0,Has both stats and images
OVERLAPPING,lucario,1.0,Has both stats and images
OVERLAPPING,ludicolo,1.0,Has both stats and images
OVERLAPPING,lugia,1.0,Has both stats and images
OVERLAPPING,lumineon,1.0,Has both stats and images
OVERLAPPING,lunala,1.0,Has both stats and images
OVERLAPPING,lunatone,1.0,Has both stats and images
OVERLAPPING,lurantis,1.0,Has both stats and images
OVERLAPPING,luvdisc,1.0,Has both stats and images
OVERLAPPING,luxio,1.0,Has both stats and images
OVERLAPPING,luxray,1.0,Has both stats and images
OVERLAPPING,lycanroc,1.0,Has both stats and images
OVERLAPPING,machamp,1.0,Has both stats and images
OVERLAPPING,machoke,1.0,Has both stats and images
OVERLAPPING,machop,1.0,Has both stats and images
OVERLAPPING,magby,1.0,Has both stats and images
OVERLAPPING,magcargo,1.0,Has both stats and images
OVERLAPPING,magearna,1.0,Has both stats and images
OVERLAPPING,magikarp,1.0,Has both stats and images
OVERLAPPING,magmar,1.0,Has both stats and images
OVERLAPPING,magmortar,1.0,Has both stats and images
OVERLAPPING,magnemite,1.0,Has both stats and images
OVERLAPPING,magneton,1.0,Has both stats and images
OVERLAPPING,magnezone,1.0,Has both stats and images
OVERLAPPING,makuhita,1.0,Has both stats and images
OVERLAPPING,malamar,1.0,Has both stats and images
OVERLAPPING,mamoswine,1.0,Has both stats and images
OVERLAPPING,manaphy,1.0,Has both stats and images
OVERLAPPING,mandibuzz,1.0,Has both stats and images
OVERLAPPING,manectric,1.0,Has both stats and images
OVERLAPPING,mankey,1.0,Has both stats and images
OVERLAPPING,mantine,1.0,Has both stats and images
OVERLAPPING,mantyke,1.0,Has both stats and images
OVERLAPPING,maractus,1.0,Has both stats and images
OVERLAPPING,mareanie,1.0,Has both stats and images
OVERLAPPING,mareep,1.0,Has both stats and images
OVERLAPPING,marill,1.0,Has both stats and images
OVERLAPPING,marowak,1.0,Has both stats and images
OVERLAPPING,marshtomp,1.0,Has both stats and images
OVERLAPPING,masquerain,1.0,Has both stats and images
OVERLAPPING,mawile,1.0,Has both stats and images
OVERLAPPING,medicham,1.0,Has both stats and images
OVERLAPPING,meditite,1.0,Has both stats and images
OVERLAPPING,meganium,1.0,Has both stats and images
OVERLAPPING,meloetta,1.0,Has both stats and images
OVERLAPPING,meowstic,1.0,Has both stats and images
OVERLAPPING,meowth,1.0,Has both stats and images
OVERLAPPING,mesprit,1.0,Has both stats and images
OVERLAPPING,metagross,1.0,Has both stats and images
OVERLAPPING,metang,1.0,Has both stats and images
OVERLAPPING,metapod,1.0,Has both stats and images
OVERLAPPING,mew,1.0,Has both stats and images
OVERLAPPING,mewtwo,1.0,Has both stats and images
OVERLAPPING,mienfoo,1.0,Has both stats and images
OVERLAPPING,mienshao,1.0,Has both stats and images
OVERLAPPING,mightyena,1.0,Has both stats and images
OVERLAPPING,milotic,1.0,Has both stats and images
OVERLAPPING,miltank,1.0,Has both stats and images
OVERLAPPING,mimikyu,1.0,Has both stats and images
OVERLAPPING,minccino,1.0,Has both stats and images
OVERLAPPING,minior,1.0,Has both stats and images
OVERLAPPING,minun,1.0,Has both stats and images
OVERLAPPING,misdreavus,1.0,Has both stats and images
OVERLAPPING,mismagius,1.0,Has both stats and images
OVERLAPPING,moltres,1.0,Has both stats and images
OVERLAPPING,monferno,1.0,Has both stats and images
OVERLAPPING,morelull,1.0,Has both stats and images
OVERLAPPING,mothim,1.0,Has both stats and images
OVERLAPPING,mudbray,1.0,Has both stats and images
OVERLAPPING,mudkip,1.0,Has both stats and images
OVERLAPPING,mudsdale,1.0,Has both stats and images
OVERLAPPING,muk,1.0,Has both stats and images
OVERLAPPING,munchlax,1.0,Has both stats and images
OVERLAPPING,munna,1.0,Has both stats and images
OVERLAPPING,murkrow,1.0,Has both stats and images
OVERLAPPING,musharna,1.0,Has both stats and images
OVERLAPPING,natu,1.0,Has both stats and images
OVERLAPPING,necrozma,1.0,Has both stats and images
OVERLAPPING,nidoking,1.0,Has both stats and images
OVERLAPPING,nidoqueen,1.0,Has both stats and images
OVERLAPPING,nidorina,1.0,Has both stats and images
OVERLAPPING,nidorino,1.0,Has both stats and images
OVERLAPPING,nincada,1.0,Has both stats and images
OVERLAPPING,ninetales,1.0,Has both stats and images
OVERLAPPING,ninjask,1.0,Has both stats and images
OVERLAPPING,noctowl,1.0,Has both stats and images
OVERLAPPING,noibat,1.0,Has both stats and images
OVERLAPPING,noivern,1.0,Has both stats and images
OVERLAPPING,nosepass,1.0,Has both stats and images
OVERLAPPING,numel,1.0,Has both stats and images
OVERLAPPING,nuzleaf,1.0,Has both stats and images
OVERLAPPING,octillery,1.0,Has both stats and images
OVERLAPPING,oddish,1.0,Has both stats and images
OVERLAPPING,omanyte,1.0,Has both stats and images
OVERLAPPING,omastar,1.0,Has both stats and images
OVERLAPPING,onix,1.0,Has both stats and images
OVERLAPPING,oranguru,1.0,Has both stats and images
OVERLAPPING,oricorio,1.0,Has both stats and images
OVERLAPPING,oshawott,1.0,Has both stats and images
OVERLAPPING,pachirisu,1.0,Has both stats and images
OVERLAPPING,palkia,1.0,Has both stats and images
OVERLAPPING,palossand,1.0,Has both stats and images
OVERLAPPING,palpitoad,1.0,Has both stats and images
OVERLAPPING,pancham,1.0,Has both stats and images
OVERLAPPING,pangoro,1.0,Has both stats and images
OVERLAPPING,panpour,1.0,Has both stats and images
OVERLAPPING,pansage,1.0,Has both stats and images
OVERLAPPING,pansear,1.0,Has both stats and images
OVERLAPPING,paras,1.0,Has both stats and images
OVERLAPPING,parasect,1.0,Has both stats and images
OVERLAPPING,passimian,1.0,Has both stats and images
OVERLAPPING,patrat,1.0,Has both stats and images
OVERLAPPING,pawniard,1.0,Has both stats and images
OVERLAPPING,pelipper,1.0,Has both stats and images
OVERLAPPING,persian,1.0,Has both stats and images
OVERLAPPING,petilil,1.0,Has both stats and images
OVERLAPPING,phanpy,1.0,Has both stats and images
OVERLAPPING,phantump,1.0,Has both stats and images
OVERLAPPING,phione,1.0,Has both stats and images
OVERLAPPING,pichu,1.0,Has both stats and images
OVERLAPPING,pidgeot,1.0,Has both stats and images
OVERLAPPING,pidgeotto,1.0,Has both stats and images
OVERLAPPING,pidgey,1.0,Has both stats and images
OVERLAPPING,pidove,1.0,Has both stats and images
OVERLAPPING,pignite,1.0,Has both stats and images
OVERLAPPING,pikachu,1.0,Has both stats and images
OVERLAPPING,pikipek,1.0,Has both stats and images
OVERLAPPING,piloswine,1.0,Has both stats and images
OVERLAPPING,pineco,1.0,Has both stats and images
OVERLAPPING,pinsir,1.0,Has both stats and images
OVERLAPPING,piplup,1.0,Has both stats and images
OVERLAPPING,plusle,1.0,Has both stats and images
OVERLAPPING,politoed,1.0,Has both stats and images
OVERLAPPING,poliwag,1.0,Has both stats and images
OVERLAPPING,poliwhirl,1.0,Has both stats and images
OVERLAPPING,poliwrath,1.0,Has both stats and images
OVERLAPPING,ponyta,1.0,Has both stats and images
OVERLAPPING,poochyena,1.0,Has both stats and images
OVERLAPPING,popplio,1.0,Has both stats and images
OVERLAPPING,porygon,1.0,Has both stats and images
OVERLAPPING,porygon2,1.0,Has both stats and images
OVERLAPPING,primarina,1.0,Has both stats and images
OVERLAPPING,primeape,1.0,Has both stats and images
OVERLAPPING,prinplup,1.0,Has both stats and images
OVERLAPPING,probopass,1.0,Has both stats and images
OVERLAPPING,psyduck,1.0,Has both stats and images
OVERLAPPING,pumpkaboo,1.0,Has both stats and images
OVERLAPPING,pupitar,1.0,Has both stats and images
OVERLAPPING,purrloin,1.0,Has both stats and images
OVERLAPPING,purugly,1.0,Has both stats and images
OVERLAPPING,pyroar,1.0,Has both stats and images
OVERLAPPING,pyukumuku,1.0,Has both stats and images
OVERLAPPING,quagsire,1.0,Has both stats and images
OVERLAPPING,quilava,1.0,Has both stats and images
OVERLAPPING,quilladin,1.0,Has both stats and images
OVERLAPPING,qwilfish,1.0,Has both stats and images
OVERLAPPING,raichu,1.0,Has both stats and images
OVERLAPPING,raikou,1.0,Has both stats and images
OVERLAPPING,ralts,1.0,Has both stats and images
OVERLAPPING,rampardos,1.0,Has both stats and images
OVERLAPPING,rapidash,1.0,Has both stats and images
OVERLAPPING,raticate,1.0,Has both stats and images
OVERLAPPING,rattata,1.0,Has both stats and images
OVERLAPPING,rayquaza,1.0,Has both stats and images
OVERLAPPING,regice,1.0,Has both stats and images
OVERLAPPING,regigigas,1.0,Has both stats and images
OVERLAPPING,regirock,1.0,Has both stats and images
OVERLAPPING,registeel,1.0,Has both stats and images
OVERLAPPING,relicanth,1.0,Has both stats and images
OVERLAPPING,remoraid,1.0,Has both stats and images
OVERLAPPING,reshiram,1.0,Has both stats and images
OVERLAPPING,reuniclus,1.0,Has both stats and images
OVERLAPPING,rhydon,1.0,Has both stats and images
OVERLAPPING,rhyhorn,1.0,Has both stats and images
OVERLAPPING,rhyperior,1.0,Has both stats and images
OVERLAPPING,ribombee,1.0,Has both stats and images
OVERLAPPING,riolu,1.0,Has both stats and images
OVERLAPPING,rockruff,1.0,Has both stats and images
OVERLAPPING,roggenrola,1.0,Has both stats and images
OVERLAPPING,roselia,1.0,Has both stats and images
OVERLAPPING,roserade,1.0,Has both stats and images
OVERLAPPING,rotom,1.0,Has both stats and images
OVERLAPPING,rowlet,1.0,Has both stats and images
OVERLAPPING,rufflet,1.0,Has both stats and images
OVERLAPPING,sableye,1.0,Has both stats and images
OVERLAPPING,salamence,1.0,Has both stats and images
OVERLAPPING,salandit,1.0,Has both stats and images
OVERLAPPING,salazzle,1.0,Has both stats and images
OVERLAPPING,samurott,1.0,Has both stats and images
OVERLAPPING,sandile,1.0,Has both stats and images
OVERLAPPING,sandshrew,1.0,Has both stats and images
OVERLAPPING,sandslash,1.0,Has both stats and images
OVERLAPPING,sandygast,1.0,Has both stats and images
OVERLAPPING,sawk,1.0,Has both stats and images
OVERLAPPING,sawsbuck,1.0,Has both stats and images
OVERLAPPING,scatterbug,1.0,Has both stats and images
OVERLAPPING,sceptile,1.0,Has both stats and images
OVERLAPPING,scizor,1.0,Has both stats and images
OVERLAPPING,scolipede,1.0,Has both stats and images
OVERLAPPING,scrafty,1.0,Has both stats and images
OVERLAPPING,scraggy,1.0,Has both stats and images
OVERLAPPING,scyther,1.0,Has both stats and images
OVERLAPPING,seadra,1.0,Has both stats and images
OVERLAPPING,seaking,1.0,Has both stats and images
OVERLAPPING,sealeo,1.0,Has both stats and images
OVERLAPPING,seedot,1.0,Has both stats and images
OVERLAPPING,seel,1.0,Has both stats and images
OVERLAPPING,seismitoad,1.0,Has both stats and images
OVERLAPPING,sentret,1.0,Has both stats and images
OVERLAPPING,serperior,1.0,Has both stats and images
OVERLAPPING,servine,1.0,Has both stats and images
OVERLAPPING,seviper,1.0,Has both stats and images
OVERLAPPING,sewaddle,1.0,Has both stats and images
OVERLAPPING,sharpedo,1.0,Has both stats and images
OVERLAPPING,shaymin,1.0,Has both stats and images
OVERLAPPING,shedinja,1.0,Has both stats and images
OVERLAPPING,shelgon,1.0,Has both stats and images
OVERLAPPING,shellder,1.0,Has both stats and images
OVERLAPPING,shellos,1.0,Has both stats and images
OVERLAPPING,shelmet,1.0,Has both stats and images
OVERLAPPING,shieldon,1.0,Has both stats and images
OVERLAPPING,shiftry,1.0,Has both stats and images
OVERLAPPING,shiinotic,1.0,Has both stats and images
OVERLAPPING,shinx,1.0,Has both stats and images
OVERLAPPING,shroomish,1.0,Has both stats and images
OVERLAPPING,shuckle,1.0,Has both stats and images
OVERLAPPING,shuppet,1.0,Has both stats and images
OVERLAPPING,sigilyph,1.0,Has both stats and images
OVERLAPPING,silcoon,1.0,Has both stats and images
OVERLAPPING,silvally,1.0,Has both stats and images
OVERLAPPING,simipour,1.0,Has both stats and images
OVERLAPPING,simisage,1.0,Has both stats and images
OVERLAPPING,simisear,1.0,Has both stats and images
OVERLAPPING,skarmory,1.0,Has both stats and images
OVERLAPPING,skiddo,1.0,Has both stats and images
OVERLAPPING,skiploom,1.0,Has both stats and images
OVERLAPPING,skitty,1.0,Has both stats and images
OVERLAPPING,skorupi,1.0,Has both stats and images
OVERLAPPING,skrelp,1.0,Has both stats and images
OVERLAPPING,skuntank,1.0,Has both stats and images
OVERLAPPING,slaking,1.0,Has both stats and images
OVERLAPPING,slakoth,1.0,Has both stats and images
OVERLAPPING,sliggoo,1.0,Has both stats and images
OVERLAPPING,slowbro,1.0,Has both stats and images
OVERLAPPING,slowking,1.0,Has both stats and images
OVERLAPPING,slowpoke,1.0,Has both stats and images
OVERLAPPING,slugma,1.0,Has both stats and images
OVERLAPPING,slurpuff,1.0,Has both stats and images
OVERLAPPING,smeargle,1.0,Has both stats and images
OVERLAPPING,smoochum,1.0,Has both stats and images
OVERLAPPING,sneasel,1.0,Has both stats and images
OVERLAPPING,snivy,1.0,Has both stats and images
OVERLAPPING,snorlax,1.0,Has both stats and images
OVERLAPPING,snorunt,1.0,Has both stats and images
OVERLAPPING,snover,1.0,Has both stats and images
OVERLAPPING,snubbull,1.0,Has both stats and images
OVERLAPPING,solgaleo,1.0,Has both stats and images
OVERLAPPING,solosis,1.0,Has both stats and images
OVERLAPPING,solrock,1.0,Has both stats and images
OVERLAPPING,spearow,1.0,Has both stats and images
OVERLAPPING,spewpa,1.0,Has both stats and images
OVERLAPPING,spheal,1.0,Has both stats and images
OVERLAPPING,spinarak,1.0,Has both stats and images
OVERLAPPING,spinda,1.0,Has both stats and images
OVERLAPPING,spiritomb,1.0,Has both stats and images
OVERLAPPING,spoink,1.0,Has both stats and images
OVERLAPPING,spritzee,1.0,Has both stats and images
OVERLAPPING,squirtle,1.0,Has both stats and images
OVERLAPPING,stantler,1.0,Has both stats and images
OVERLAPPING,staraptor,1.0,Has both stats and images
OVERLAPPING,staravia,1.0,Has both stats and images
OVERLAPPING,starly,1.0,Has both stats and images
OVERLAPPING,starmie,1.0,Has both stats and images
OVERLAPPING,staryu,1.0,Has both stats and images
OVERLAPPING,steelix,1.0,Has both stats and images
OVERLAPPING,steenee,1.0,Has both stats and images
OVERLAPPING,stoutland,1.0,Has both stats and images
OVERLAPPING,stufful,1.0,Has both stats and images
OVERLAPPING,stunfisk,1.0,Has both stats and images
OVERLAPPING,stunky,1.0,Has both stats and images
OVERLAPPING,sudowoodo,1.0,Has both stats and images
OVERLAPPING,suicune,1.0,Has both stats and images
OVERLAPPING,sunflora,1.0,Has both stats and images
OVERLAPPING,sunkern,1.0,Has both stats and images
OVERLAPPING,surskit,1.0,Has both stats and images
OVERLAPPING,swablu,1.0,Has both stats and images
OVERLAPPING,swadloon,1.0,Has both stats and images
OVERLAPPING,swalot,1.0,Has both stats and images
OVERLAPPING,swampert,1.0,Has both stats and images
OVERLAPPING,swanna,1.0,Has both stats and images
OVERLAPPING,swellow,1.0,Has both stats and images
OVERLAPPING,swinub,1.0,Has both stats and images
OVERLAPPING,swirlix,1.0,Has both stats and images
OVERLAPPING,swoobat,1.0,Has both stats and images
OVERLAPPING,sylveon,1.0,Has both stats and images
OVERLAPPING,taillow,1.0,Has both stats and images
OVERLAPPING,talonflame,1.0,Has both stats and images
OVERLAPPING,tangela,1.0,Has both stats and images
OVERLAPPING,tangrowth,1.0,Has both stats and images
OVERLAPPING,tauros,1.0,Has both stats and images
OVERLAPPING,teddiursa,1.0,Has both stats and images
OVERLAPPING,tentacool,1.0,Has both stats and images
OVERLAPPING,tentacruel,1.0,Has both stats and images
OVERLAPPING,tepig,1.0,Has both stats and images
OVERLAPPING,terrakion,1.0,Has both stats and images
OVERLAPPING,throh,1.0,Has both stats and images
OVERLAPPING,thundurus,1.0,Has both stats and images
OVERLAPPING,timburr,1.0,Has both stats and images
OVERLAPPING,tirtouga,1.0,Has both stats and images
OVERLAPPING,togedemaru,1.0,Has both stats and images
OVERLAPPING,togekiss,1.0,Has both stats and images
OVERLAPPING,togepi,1.0,Has both stats and images
OVERLAPPING,togetic,1.0,Has both stats and images
OVERLAPPING,torchic,1.0,Has both stats and images
OVERLAPPING,torkoal,1.0,Has both stats and images
OVERLAPPING,tornadus,1.0,Has both stats and images
OVERLAPPING,torracat,1.0,Has both stats and images
OVERLAPPING,torterra,1.0,Has both stats and images
OVERLAPPING,totodile,1.0,Has both stats and images
OVERLAPPING,toucannon,1.0,Has both stats and images
OVERLAPPING,toxapex,1.0,Has both stats and images
OVERLAPPING,toxicroak,1.0,Has both stats and images
OVERLAPPING,tranquill,1.0,Has both stats and images
OVERLAPPING,trapinch,1.0,Has both stats and images
OVERLAPPING,treecko,1.0,Has both stats and images
OVERLAPPING,trevenant,1.0,Has both stats and images
OVERLAPPING,tropius,1.0,Has both stats and images
OVERLAPPING,trubbish,1.0,Has both stats and images
OVERLAPPING,trumbeak,1.0,Has both stats and images
OVERLAPPING,tsareena,1.0,Has both stats and images
OVERLAPPING,turtonator,1.0,Has both stats and images
OVERLAPPING,turtwig,1.0,Has both stats and images
OVERLAPPING,tympole,1.0,Has both stats and images
OVERLAPPING,tynamo,1.0,Has both stats and images
OVERLAPPING,typhlosion,1.0,Has both stats and images
OVERLAPPING,tyranitar,1.0,Has both stats and images
OVERLAPPING,tyrantrum,1.0,Has both stats and images
OVERLAPPING,tyrogue,1.0,Has both stats and images
OVERLAPPING,tyrunt,1.0,Has both stats and images
OVERLAPPING,umbreon,1.0,Has both stats and images
OVERLAPPING,unfezant,1.0,Has both stats and images
OVERLAPPING,unown,1.0,Has both stats and images
OVERLAPPING,ursaring,1.0,Has both stats and images
OVERLAPPING,uxie,1.0,Has both stats and images
OVERLAPPING,vanillish,1.0,Has both stats and images
OVERLAPPING,vanillite,1.0,Has both stats and images
OVERLAPPING,vanilluxe,1.0,Has both stats and images
OVERLAPPING,vaporeon,1.0,Has both stats and images
OVERLAPPING,venipede,1.0,Has both stats and images
OVERLAPPING,venomoth,1.0,Has both stats and images
OVERLAPPING,venonat,1.0,Has both stats and images
OVERLAPPING,venusaur,1.0,Has both stats and images
OVERLAPPING,vespiquen,1.0,Has both stats and images
OVERLAPPING,vibrava,1.0,Has both stats and images
OVERLAPPING,victini,1.0,Has both stats and images
OVERLAPPING,victreebel,1.0,Has both stats and images
OVERLAPPING,vigoroth,1.0,Has both stats and images
OVERLAPPING,vikavolt,1.0,Has both stats and images
OVERLAPPING,vileplume,1.0,Has both stats and images
OVERLAPPING,virizion,1.0,Has both stats and images
OVERLAPPING,vivillon,1.0,Has both stats and images
OVERLAPPING,volbeat,1.0,Has both stats and images
OVERLAPPING,volcanion,1.0,Has both stats and images
OVERLAPPING,volcarona,1.0,Has both stats and images
OVERLAPPING,voltorb,1.0,Has both stats and images
OVERLAPPING,vullaby,1.0,Has both stats and images
OVERLAPPING,vulpix,1.0,Has both stats and images
OVERLAPPING,wailmer,1.0,Has both stats and images
OVERLAPPING,wailord,1.0,Has both stats and images
OVERLAPPING,walrein,1.0,Has both stats and images
OVERLAPPING,wartortle,1.0,Has both stats and images
OVERLAPPING,watchog,1.0,Has both stats and images
OVERLAPPING,weavile,1.0,Has both stats and images
OVERLAPPING,weedle,1.0,Has both stats and images
OVERLAPPING,weepinbell,1.0,Has both stats and images
OVERLAPPING,weezing,1.0,Has both stats and images
OVERLAPPING,whimsicott,1.0,Has both stats and images
OVERLAPPING,whirlipede,1.0,Has both stats and images
OVERLAPPING,whiscash,1.0,Has both stats and images
OVERLAPPING,whismur,1.0,Has both stats and images
OVERLAPPING,wigglytuff,1.0,Has both stats and images
OVERLAPPING,wimpod,1.0,Has both stats and images
OVERLAPPING,wingull,1.0,Has both stats and images
OVERLAPPING,wishiwashi,1.0,Has both stats and images
OVERLAPPING,wobbuffet,1.0,Has both stats and images
OVERLAPPING,woobat,1.0,Has both stats and images
OVERLAPPING,wooper,1.0,Has both stats and images
OVERLAPPING,wormadam,1.0,Has both stats and images
OVERLAPPING,wurmple,1.0,Has both stats and images
OVERLAPPING,wynaut,1.0,Has both stats and images
OVERLAPPING,xatu,1.0,Has both stats and images
OVERLAPPING,yamask,1.0,Has both stats and images
OVERLAPPING,yanma,1.0,Has both stats and images
OVERLAPPING,yanmega,1.0,Has both stats and images
OVERLAPPING,yungoos,1.0,Has both stats and images
OVERLAPPING,zangoose,1.0,Has both stats and images
OVERLAPPING,zapdos,1.0,Has both stats and images
OVERLAPPING,zebstrika,1.0,Has both stats and images
OVERLAPPING,zekrom,1.0,Has both stats and images
OVERLAPPING,zigzagoon,1.0,Has both stats and images
OVERLAPPING,zoroark,1.0,Has both stats and images
OVERLAPPING,zorua,1.0,Has both stats and images
OVERLAPPING,zubat,1.0,Has both stats and images
OVERLAPPING,zweilous,1.0,Has both stats and images
OVERLAPPING,zygarde,1.0,Has both stats and images
STATS_ONLY,buzzwole,1.0,Has stats but no images
STATS_ONLY,celesteela,1.0,Has stats but no images
STATS_ONLY,farfetch'd,1.0,Has stats but no images
STATS_ONLY,flabébé,1.0,Has stats but no images
STATS_ONLY,guzzlord,1.0,Has stats but no images
STATS_ONLY,hakamoo,1.0,Has stats but no images
STATS_ONLY,hooh,1.0,Has stats but no images
STATS_ONLY,jangmoo,1.0,Has stats but no images
STATS_ONLY,kartana,1.0,Has stats but no images
STATS_ONLY,kommoo,1.0,Has stats but no images
STATS_ONLY,mimejr.,1.0,Has stats but no images
STATS_ONLY,mr.mime,1.0,Has stats but no images
STATS_ONLY,nidoran♀,1.0,Has stats but no images
STATS_ONLY,nidoran♂,1.0,Has stats but no images
STATS_ONLY,nihilego,1.0,Has stats but no images
STATS_ONLY,pheromosa,1.0,Has stats but no images
STATS_ONLY,porygonz,1.0,Has stats but no images
STATS_ONLY,tapubulu,1.0,Has stats but no images
STATS_ONLY,tapufini,1.0,Has stats but no images
STATS_ONLY,tapukoko,1.0,Has stats but no images
STATS_ONLY,tapulele,1.0,Has stats but no images
STATS_ONLY,type:null,1.0,Has stats but no images
STATS_ONLY,xerneas,1.0,Has stats but no images
STATS_ONLY,xurkitree,1.0,Has stats but no images
STATS_ONLY,yveltal,1.0,Has stats but no images
IMAGES_ONLY,alcremie,1.0,Has images but no stats
IMAGES_ONLY,appletun,1.0,Has images but no stats
IMAGES_ONLY,applin,1.0,Has images but no stats
IMAGES_ONLY,arrokuda,1.0,Has images but no stats
IMAGES_ONLY,barraskewda,1.0,Has images but no stats
IMAGES_ONLY,basculegion,1.0,Has images but no stats
IMAGES_ONLY,calyrex,1.0,Has images but no stats
IMAGES_ONLY,carkol,1.0,Has images but no stats
IMAGES_ONLY,chewtle,1.0,Has images but no stats
IMAGES_ONLY,cinderace,1.0,Has images but no stats
IMAGES_ONLY,coalossal,1.0,Has images but no stats
IMAGES_ONLY,copperajah,1.0,Has images but no stats
IMAGES_ONLY,corviknight,1.0,Has images but no stats
IMAGES_ONLY,corvisquire,1.0,Has images but no stats
IMAGES_ONLY,cramorant,1.0,Has images but no stats
IMAGES_ONLY,cufant,1.0,Has images but no stats
IMAGES_ONLY,dragapult,1.0,Has images but no stats
IMAGES_ONLY,drakloak,1.0,Has images but no stats
IMAGES_ONLY,drednaw,1.0,Has images but no stats
IMAGES_ONLY,dreepy,1.0,Has images but no stats
IMAGES_ONLY,drizzile,1.0,Has images but no stats
IMAGES_ONLY,duraludon,1.0,Has images but no stats
IMAGES_ONLY,eiscue,1.0,Has images but no stats
IMAGES_ONLY,enamorus,1.0,Has images but no stats
IMAGES_ONLY,eternatus,1.0,Has images but no stats
IMAGES_ONLY,falinks,1.0,Has images but no stats
IMAGES_ONLY,farfetchd,1.0,Has images but no stats
IMAGES_ONLY,flabebe,1.0,Has images but no stats
IMAGES_ONLY,flapple,1.0,Has images but no stats
IMAGES_ONLY,frosmoth,1.0,Has images but no stats
IMAGES_ONLY,glastrier,1.0,Has images but no stats
IMAGES_ONLY,greedent,1.0,Has images but no stats
IMAGES_ONLY,grimmsnarl,1.0,Has images but no stats
IMAGES_ONLY,grookey,1.0,Has images but no stats
IMAGES_ONLY,hakamo-o,1.0,Has images but no stats
IMAGES_ONLY,hatenna,1.0,Has images but no stats
IMAGES_ONLY,hatterene,1.0,Has images but no stats
IMAGES_ONLY,hattrem,1.0,Has images but no stats
IMAGES_ONLY,ho-oh,1.0,Has images but no stats
IMAGES_ONLY,impidimp,1.0,Has images but no stats
IMAGES_ONLY,indeedee,1.0,Has images but no stats
IMAGES_ONLY,inteleon,1.0,Has images but no stats
IMAGES_ONLY,jangmo-o,1.0,Has images but no stats
IMAGES_ONLY,kleavor,1.0,Has images but no stats
IMAGES_ONLY,kommo-o,1.0,Has images but no stats
IMAGES_ONLY,kubfu,1.0,Has images but no stats
IMAGES_ONLY,marshadow,1.0,Has images but no stats
IMAGES_ONLY,melmetal,1.0,Has images but no stats
IMAGES_ONLY,meltan,1.0,Has images but no stats
IMAGES_ONLY,milcery,1.0,Has images but no stats
IMAGES_ONLY,mime-jr,1.0,Has images but no stats
IMAGES_ONLY,morgrem,1.0,Has images but no stats
IMAGES_ONLY,morpeko,1.0,Has images but no stats
IMAGES_ONLY,mr-mime,1.0,Has images but no stats
IMAGES_ONLY,nidoran-f,1.0,Has images but no stats
IMAGES_ONLY,nidoran-m,1.0,Has images but no stats
IMAGES_ONLY,overqwil,1.0,Has images but no stats
IMAGES_ONLY,perrserker,1.0,Has images but no stats
IMAGES_ONLY,pincurchin,1.0,Has images but no stats
IMAGES_ONLY,polteageist,1.0,Has images but no stats
IMAGES_ONLY,porygon-z,1.0,Has images but no stats
IMAGES_ONLY,raboot,1.0,Has images but no stats
IMAGES_ONLY,regidrago,1.0,Has images but no stats
IMAGES_ONLY,regieleki,1.0,Has images but no stats
IMAGES_ONLY,rillaboom,1.0,Has images but no stats
IMAGES_ONLY,rolycoly,1.0,Has images but no stats
IMAGES_ONLY,rookidee,1.0,Has images but no stats
IMAGES_ONLY,sandaconda,1.0,Has images but no stats
IMAGES_ONLY,scorbunny,1.0,Has images but no stats
IMAGES_ONLY,silicobra,1.0,Has images but no stats
IMAGES_ONLY,sinistea,1.0,Has images but no stats
IMAGES_ONLY,skwovet,1.0,Has images but no stats
IMAGES_ONLY,sneasler,1.0,Has images but no stats
IMAGES_ONLY,snom,1.0,Has images but no stats
IMAGES_ONLY,sobble,1.0,Has images but no stats
IMAGES_ONLY,spectrier,1.0,Has images but no stats
IMAGES_ONLY,stonjourner,1.0,Has images but no stats
IMAGES_ONLY,thwackey,1.0,Has images but no stats
IMAGES_ONLY,toxel,1.0,Has images but no stats
IMAGES_ONLY,toxtricity,1.0,Has images but no stats
IMAGES_ONLY,type-null,1.0,Has images but no stats
IMAGES_ONLY,ursaluna,1.0,Has images but no stats
IMAGES_ONLY,urshifu,1.0,Has images but no stats
IMAGES_ONLY,wyrdeer,1.0,Has images but no stats
IMAGES_ONLY,zacian,1.0,Has images but no stats
IMAGES_ONLY,zamazenta,1.0,Has images but no stats
IMAGES_ONLY,zarude,1.0,Has images but no stats
IMAGES_ONLY,zeraora,1.0,Has images but no stats
